Workbook

Sheet dados
A1: Índice | B1: Retorno Diário (%) | C1: Retorno Mensal (%) | D1: Retorno Anual (%) | E1: Volatilidade Diária (%) | F1: Volatilidade Mensal (%) | G1: Volatilidade Anual (%) | H1: Índice de Sharpe
A2: Ibovespa | B2: 0.08 | C2: 1.79 | D2: 23.73 | E2: 1.39 | F2: 6.39 | G2: 22.14 | H2: 0.85
A3: S&P 500 | B3: 0.07 | C3: 1.41 | D3: 18.32 | E3: 1.16 | F3: 5.3 | G3: 18.35 | H3: 0.73
A4: Dolar | B4: 0.03 | C4: 0.6 | D4: 7.46 | E4: 1.06 | F4: 4.87 | G4: 16.87 | H4: 0.15
A5: Ouro | B5: 0.02 | C5: 0.4 | D5: 4.86 | E5: 0.79 | F5: 3.6 | G5: 12.48 | H5: 0

Sheet calculo carteira
A1: Ativo | B1: % no portfólio | C1: Total investido | D1: Risco (Compara a 100 mil reais) | E1: Retorno esperado anual (pior cenário) | F1: Retorno esperado anual (melhor cenário) | G1: Investido
A2: Ibovespa | B2: 25 | C2: =$G$2*(B2/100) -> 25000 | D2: =dados!G2*(B2/100) -> 5.535 | E2: =(dados!D2-dados!G2*2) -> -20.55 | F2: =(dados!D2+dados!G2*2) -> 68.01 | G2: 100000
A3: S&P 500 | B3: 30 | C3: =$G$2*(B3/100) -> 30000 | D3: =dados!G3*(B3/100) -> 5.505 | E3: =(dados!D3-dados!G3*2) -> -18.38 | F3: =(dados!D3+dados!G3*2) -> 55.02
A4: Dolar | B4: 20 | C4: =$G$2*(B4/100) -> 20000 | D4: =dados!G4*(B4/100) -> 3.374 | E4: =(dados!D4-dados!G4*2) -> -26.28 | F4: =(dados!D4+dados!G4*2) -> 41.2
A5: Ouro | B5: 25 | C5: =$G$2*(B5/100) -> 25000 | D5: =dados!G5*(B5/100) -> 3.12 | E5: =(dados!D5-dados!G5*2) -> -20.1 | F5: =(dados!D5+dados!G5*2) -> 29.82
A6: Total | B6: =SUM(B2:B5) -> 100 | C6: =SUM(C2:C5) -> 100000 | D6: =SUM(D2:D5) -> 17.534 | E6: =(($B$2/100)*E2)+(($B$3/100)*E3)+(($B$4/100)*E4)+(($B$5/100)*E5) -> -20.9325 | F6: =(($B$2/100)*F2)+(($B$3/100)*F3)+(($B$4/100)*F4)+(($B$5/100)*F5) -> 49.2035
